nome,lattes_url,ano_publicacao,titulo_publicacao,periodico,issn,qualis,pontos,area,ano_base
"Rodrigo Pedro Pinto Soares",http://lattes.cnpq.br/5557656124686682,2024,"The absence of eosinophils is associated with early metastatic lesions  in Leishmania amazonensis-infected mice","MEMORIAS DO INSTITUTO OSWALDO CRUZ",0074-0276,A4,,,2020
"Rodrigo Pedro Pinto Soares",http://lattes.cnpq.br/5557656124686682,2024,"Trypanosoma sp. infection in Boa constrictor snakes: morphological, hematological, clinical biochemistry, molecular, and phylogenetic characteristics","PARASITOLOGY RESEARCH",0932-0113,A1,,,2020
"Rodrigo Pedro Pinto Soares",http://lattes.cnpq.br/5557656124686682,2023,"Phenotypical differences between Leishmania (Leishmania) amazonensis PH8 and LV79 strains may impact survival in mammal host and in phlebotomine sand flies","PATHOGENS",2076-0817,A3,,,2020
"Rodrigo Pedro Pinto Soares",http://lattes.cnpq.br/5557656124686682,2023,"Increased risk of American Tegumentary Leishmaniasis (ATL) in an urban and rural area of Caratinga, Brazil between 2016-2021","AMERICAN JOURNAL OF TROPICAL MEDICINE AND HYGIENE",0002-9637,A3,,,2020
"Rodrigo Pedro Pinto Soares",http://lattes.cnpq.br/5557656124686682,2023,"First report of putative Leishmania RNA virus 2 (LRV2) in Leishmania infantum strains from canine and human visceral leishmaniasis in the Southeast of Brazil","MEMORIAS DO INSTITUTO OSWALDO CRUZ",0074-0276,A4,,,2020
"Rodrigo Pedro Pinto Soares",http://lattes.cnpq.br/5557656124686682,2023,"Guidelines for the Purification and Characterization of Extracellular Vesicles of Parasites","JOURNAL OF EXTRACELLULAR BIOLOGY",2768-2811,N,,,
"Rodrigo Pedro Pinto Soares",http://lattes.cnpq.br/5557656124686682,2023,"Extracellular vesicles released by Leishmania (Leishmania) amazonensis promastigotes with distinct virulence profile differently modulate the macrophage functions","MICROORGANISMS",2076-2607,A3,,,2020
"Rodrigo Pedro Pinto Soares",http://lattes.cnpq.br/5557656124686682,2023,"Clinical evolution of equine leishmaniasis with self-limiting cutaneous disease caused by Leishmania infantum in northeastern Brazil: A case report","VETERINARY PARASITOLOGY: REGIONAL STUDIES AND REPORTS",2405-9390,A3,,,2020
"Rodrigo Pedro Pinto Soares",http://lattes.cnpq.br/5557656124686682,2022,"Lipophosphoglycan from dermotropic New World Leishmania upregulates interleukin-32 and proinflammatory cytokines through TLR4 and NOD2 receptors","FRONTIERS IN CELLULAR AND INFECTION MICROBIOLOGY",2235-2988,A2,,,2020
"Rodrigo Pedro Pinto Soares",http://lattes.cnpq.br/5557656124686682,2022,"Leishmania enriettii visceralises in the trachea, lungs, and spleen of Cavia porcellus","MEMORIAS DO INSTITUTO OSWALDO CRUZ",0074-0276,A4,,,2020
"Rodrigo Pedro Pinto Soares",http://lattes.cnpq.br/5557656124686682,2022,"Leishmania amazonensis from distinct clinical forms/hosts has polymorphisms in Lipophosphoglycans, displays variations in immunomodulatory properties and, susceptibility to antileishmanial drugs","CELL BIOLOGY INTERNATIONAL",1065-6995,B2,,,2020
"Rodrigo Pedro Pinto Soares",http://lattes.cnpq.br/5557656124686682,2022,"Effect of hybridization on lipophosphoglycan expression in Leishmania major</i>","CELL BIOLOGY INTERNATIONAL",1065-6995,B2,,,2020
"Rodrigo Pedro Pinto Soares",http://lattes.cnpq.br/5557656124686682,2021,"Lutzomyia longipalpis: an update on this sand fly vector","ANAIS DA ACADEMIA BRASILEIRA DE CIENCIAS",0001-3765,A2,,,2020
"Rodrigo Pedro Pinto Soares",http://lattes.cnpq.br/5557656124686682,2021,"Leishmania infantum-Derived Glycoinositolphospholipids in the Immunodiagnosis of Subclinically Infected Dogs","FRONTIERS IN VETERINARY SCIENCE",2297-1769,A2,,,2020
"Rodrigo Pedro Pinto Soares",http://lattes.cnpq.br/5557656124686682,2021,"Distinct immunomodulatory properties of extracellular vesicles released by different strains of              Acanthamoeba</i>","CELL BIOLOGY INTERNATIONAL",1065-6995,B2,,,2020
"Rodrigo Pedro Pinto Soares",http://lattes.cnpq.br/5557656124686682,2021,"Clustering of adenosine A              2B</sub>              receptors with ectonucleotidases in caveolin¿rich lipid rafts underlies immunomodulation by              Leishmania amazonensis</i>","FASEB JOURNAL",0892-6638,A1,,,2020
"Rodrigo Pedro Pinto Soares",http://lattes.cnpq.br/5557656124686682,2021,"Triatoma infestans</i> susceptibility to different Trypanosoma cruzi</i> strains: parasite development and early escape from anterior midgut","PARASITOLOGY",0031-1820,A1,,,2020
"Rodrigo Pedro Pinto Soares",http://lattes.cnpq.br/5557656124686682,2021,"A follow-up study (2007-2018) on American Tegumentary Leishmaniasis in the municipality of Caratinga, Minas Gerais State, Brazil: Spatial analyses and sand fly collection","PLOS NEGLECTED TROPICAL DISEASES",1935-2735,A1,,,2020
"Rodrigo Pedro Pinto Soares",http://lattes.cnpq.br/5557656124686682,2021,"Autohemotherapy increases phagocytic activity of neutrophils and promotes cytokine production by lymphocytes in horses","REVISTA BRASILEIRA DE MEDICINA VETERINÁRIA",0100-2430,B2,,,2020
"Rodrigo Pedro Pinto Soares",http://lattes.cnpq.br/5557656124686682,2021,"α-Gal Immunization Positively Impacts Trypanosoma cruzi Colonization of Heart Tissue in a Mouse Model","PLOS NEGLECTED TROPICAL DISEASES",1935-2735,A1,,,2020
"Rodrigo Pedro Pinto Soares",http://lattes.cnpq.br/5557656124686682,2021,"Feline Leishmaniasis Caused by Leishmania infantum: Parasite Sequencing, Seropositivity, and Clinical Characterization in an Endemic Area From Brazil","FRONTIERS IN VETERINARY SCIENCE",2297-1769,A2,,,2020
"Rodrigo Pedro Pinto Soares",http://lattes.cnpq.br/5557656124686682,2021,"Stress Induces Release of Extracellular Vesicles by Trypanosoma cruzi Trypomastigotes","JOURNAL OF IMMUNOLOGY RESEARCH",2314-7156,A3,,,2020
"Rodrigo Pedro Pinto Soares",http://lattes.cnpq.br/5557656124686682,2021,"Long-Term In Vitro Passaging Had a Negligible Effect on Extracellular Vesicles Released by Leishmania amazonensis and Induced Protective Immune Response in BALB/c Mice","JOURNAL OF IMMUNOLOGY RESEARCH",2314-7156,A3,,,2020
"Rodrigo Pedro Pinto Soares",http://lattes.cnpq.br/5557656124686682,2020,"Trypanosoma cruzi-Infected Human Macrophages Shed Proinflammatory Extracellular Vesicles That Enhance Host-Cell Invasion via Toll-Like Receptor 2","FRONTIERS IN CELLULAR AND INFECTION MICROBIOLOGY",2235-2988,A2,,,2020
"Rodrigo Pedro Pinto Soares",http://lattes.cnpq.br/5557656124686682,2020,"Effects of extracellular vesicles released by peritoneal B¿1 cells on experimental              Leishmania</i>              (              Leishmania</i>              )              amazonensis</i>              infection","JOURNAL OF LEUKOCYTE BIOLOGY",0741-5400,A2,,,2020
"Rodrigo Pedro Pinto Soares",http://lattes.cnpq.br/5557656124686682,2020,"Síntese e avaliação da atividade antileishmanial in vitro de bioisósteros do resveratrol","PRINCIPIA (JUIZ DE FORA)",2179-3700,N,,,
"Rodrigo Pedro Pinto Soares",http://lattes.cnpq.br/5557656124686682,2020,"Lathosterol Oxidase (Sterol C-5 Desaturase) Deletion Confers Resistance to Amphotericin B and Sensitivity to Acidic Stress in","MSPHERE",2379-5042,A2,,,2020
"Rodrigo Pedro Pinto Soares",http://lattes.cnpq.br/5557656124686682,2020,"Immunomodulatory Properties of Leishmania Extracellular Vesicles During Host-Parasite Interaction: Differential Activation of TLRs and NF-κB Translocation by Dermotropic and Viscerotropic Species","FRONTIERS IN CELLULAR AND INFECTION MICROBIOLOGY",2235-2988,A2,,,2020
"Rodrigo Pedro Pinto Soares",http://lattes.cnpq.br/5557656124686682,2020,"Binding of Leishmania infantum LPG to the midgut is not sufficient to define vector competence in Lutzomyia longipalpis sand flies","MSPHERE",2379-5042,A2,,,2020
"Rodrigo Pedro Pinto Soares",http://lattes.cnpq.br/5557656124686682,2020,"Lipophosphoglycans from dermotropic Leishmania infantum are more pro-inflammatory than those from viscerotropic strains","MEMÓRIAS DO INSTITUTO OSWALDO CRUZ",1678-8060,A4,,,2020
"Rodrigo Pedro Pinto Soares",http://lattes.cnpq.br/5557656124686682,2020,"Extracellular Vesicles in Trypanosomatids: Host Cell Communication.","FRONTIERS IN CELLULAR AND INFECTION MICROBIOLOGY",2235-2988,A2,,,2020
"Rodrigo Pedro Pinto Soares",http://lattes.cnpq.br/5557656124686682,2019,"Leishmania Lipophosphoglycan Triggers Caspase-11 and the Non-canonical Activation of the NLRP3 Inflammasome","CELL REPORTS",2211-1247,A1,,,2020
"Rodrigo Pedro Pinto Soares",http://lattes.cnpq.br/5557656124686682,2019,"Activation of Human CD11b+ B1 B-Cells by Trypanosoma cruzi-Derived Proteins Is Associated With Protective Immune Response in Human Chagas Disease","FRONTIERS IN IMMUNOLOGY",1664-3224,A2,,,2020
"Rodrigo Pedro Pinto Soares",http://lattes.cnpq.br/5557656124686682,2019,"Development and evaluation of a loop-mediated isothermal amplification assay for rapid detection of Leishmania amazonensis in skin samples","EXPERIMENTAL PARASITOLOGY",0014-4894,A4,,,2020
"Rodrigo Pedro Pinto Soares",http://lattes.cnpq.br/5557656124686682,2019,"Proteomic Analysis Reveals a Predominant NFE2L2 (NRF2) Signature in Canonical Pathway and Upstream Regulator Analysis of Leishmania-Infected Macrophages","FRONTIERS IN IMMUNOLOGY",1664-3224,A2,,,2020
"Rodrigo Pedro Pinto Soares",http://lattes.cnpq.br/5557656124686682,2019,"Intraspecies Polymorphisms in the Lipophosphoglycan of L. braziliensis Differentially Modulate Macrophage Activation via TLR4","FRONTIERS IN CELLULAR AND INFECTION MICROBIOLOGY",2235-2988,A2,,,2020
"Rodrigo Pedro Pinto Soares",http://lattes.cnpq.br/5557656124686682,2019,"Antimony resistance in Leishmania (Viannia) braziliensis clinical isolates from atypical lesions associates with increased ARM56/ARM58 transcripts and reduced drug uptake","MEMÓRIAS DO INSTITUTO OSWALDO CRUZ",1678-8060,A4,,,2020
"Rodrigo Pedro Pinto Soares",http://lattes.cnpq.br/5557656124686682,2019,"Leishmania infantum-derived lipophosphoglycan as an antigen in the accurate serodiagnosis of canine leishmaniasis","PLOS NEGLECTED TROPICAL DISEASES",1935-2735,A1,,,2020
"Rodrigo Pedro Pinto Soares",http://lattes.cnpq.br/5557656124686682,2019,"Leishmania braziliensis: Strain-Specific Modulation of Phagosome Maturation","FRONTIERS IN CELLULAR AND INFECTION MICROBIOLOGY",2235-2988,A2,,,2020
"Rodrigo Pedro Pinto Soares",http://lattes.cnpq.br/5557656124686682,2019,"Extracellular vesicles isolated from Trypanosoma cruzi affect early parasite migration in the gut of Rhodnius prolixus but not in Triatoma infestans","MEMÓRIAS DO INSTITUTO OSWALDO CRUZ",1678-8060,A4,,,2020
"Rodrigo Pedro Pinto Soares",http://lattes.cnpq.br/5557656124686682,2018,"Leptomonas Pyrrhocoris: Genomic Insight Into Parasite's Physiology","CURRENT GENOMICS",1389-2029,B1,,,2020
"Rodrigo Pedro Pinto Soares",http://lattes.cnpq.br/5557656124686682,2018,"Trypanosoma cruzi and Leishmania sp Infection in Wildlife from Urban Rainforest Fragments in Northeast Brazil","JOURNAL OF WILDLIFE DISEASES",0090-3558,A4,,,2020
"Rodrigo Pedro Pinto Soares",http://lattes.cnpq.br/5557656124686682,2018,"Lower galactosylation levels of the Lipophosphoglycan from Leishmania (Leishmania) major-like strains affect interaction with Phlebotomus papatasi and Lutzomyia longipalpis","MEMÓRIAS DO INSTITUTO OSWALDO CRUZ",1678-8060,A4,,,2020
"Rodrigo Pedro Pinto Soares",http://lattes.cnpq.br/5557656124686682,2018,"Lutzomyia umbratilis from an area south of the Negro River is refractory to in vitro interaction with Leishmania guyanensis","MEMÓRIAS DO INSTITUTO OSWALDO CRUZ",1678-8060,A4,,,2020
"Rodrigo Pedro Pinto Soares",http://lattes.cnpq.br/5557656124686682,2018,"Proteomic analysis reveals different composition of extracellular vesicles released by two Trypanosoma cruzi</i> strains associated with their distinct interaction with host cells","JOURNAL OF EXTRACELLULAR VESICLES",2001-3078,A1,,,2020
"Rodrigo Pedro Pinto Soares",http://lattes.cnpq.br/5557656124686682,2018,"Salivary Gland Extract Modulates the Infection of Two Leishmania enriettii Strains by Interfering With Macrophage Differentiation in the Model of Cavia porcellus","FRONTIERS IN MICROBIOLOGY",1664-302X,A2,,,2020
"Rodrigo Pedro Pinto Soares",http://lattes.cnpq.br/5557656124686682,2018,"Intraspecies susceptibility of Leishmania (Viannia) braziliensis to antileishmanial drugs: Antimony resistance in human isolates from atypical lesions","BIOMEDICINE & PHARMACOTHERAPY",0753-3322,A2,,,2020
"Rodrigo Pedro Pinto Soares",http://lattes.cnpq.br/5557656124686682,2018,"Extracellular Vesicles Released by Leishmania (Leishmania) amazonensis Promote Disease Progression and Induce the Production of Different Cytokines in Macrophages and B-1 Cells","FRONTIERS IN MICROBIOLOGY",1664-302X,A2,,,2020
"Rodrigo Pedro Pinto Soares",http://lattes.cnpq.br/5557656124686682,2018,"Minimal information for studies of extracellular vesicles 2018 (MISEV2018): a position statement of the International Society for Extracellular Vesicles and update of the MISEV2014 guidelines","JOURNAL OF EXTRACELLULAR VESICLES",2001-3078,A1,,,2020
"Rodrigo Pedro Pinto Soares",http://lattes.cnpq.br/5557656124686682,2017,"In Vitro Inhibition of Leishmania Attachment to Sandfly Midguts and LL-5 Cells by Divalent Metal Chelators, Anti-gp63 and Phosphoglycans","PROTIST",1434-4610,A4,,,2020
"Rodrigo Pedro Pinto Soares",http://lattes.cnpq.br/5557656124686682,2017,"Leishmania enriettii (Muniz & Medina, 1948): A highly diverse parasite is here to stay","PLOS PATHOGENS",1553-7374,A1,,,2020
"Rodrigo Pedro Pinto Soares",http://lattes.cnpq.br/5557656124686682,2017,"Specific activation of CD4 -</sup> CD8 -</sup> double-negative T cells by Trypanosoma cruzi</i> -derived glycolipids induces a proinflammatory profile associated with cardiomyopathy in Chagas patients","CLINICAL AND EXPERIMENTAL IMMUNOLOGY",0009-9104,A3,,,2020
"Rodrigo Pedro Pinto Soares",http://lattes.cnpq.br/5557656124686682,2017,"Lipophosphoglycan polymorphisms do not affect Leishmania amazonensis development in the permissive vectors Lutzomyia migonei and Lutzomyia longipalpis","PARASITES & VECTORS",1756-3305,A2,,,2020
"Rodrigo Pedro Pinto Soares",http://lattes.cnpq.br/5557656124686682,2017,"Highlights of the São Paulo ISEV workshop on extracellular vesicles in cross-kingdom communication","JOURNAL OF EXTRACELLULAR VESICLES",2001-3078,A1,,,2020
"Rodrigo Pedro Pinto Soares",http://lattes.cnpq.br/5557656124686682,2017,"Leishmania infantum lipophosphoglycan induced-Prostaglandin E2 production in association with PPAR-γ expression via activation of Toll like receptors-1 and 2","SCIENTIFIC REPORTS",2045-2322,A1,,,2020
"Rodrigo Pedro Pinto Soares",http://lattes.cnpq.br/5557656124686682,2017,"An overview on Leishmania (Mundinia) enriettii: biology, immunopathology, LRV and extracellular vesicles during the host-parasite interaction","PARASITOLOGY (CAMBRIDGE. ONLINE)",1469-8161,A1,,,2020
"Rodrigo Pedro Pinto Soares",http://lattes.cnpq.br/5557656124686682,2016,"Plasma biomarkers profile of female dogs with mammary carcinoma and its association with clinical and pathological features","VETERINARY AND COMPARATIVE ONCOLOGY (PRINT)",1476-5810,A1,,,2020
"Rodrigo Pedro Pinto Soares",http://lattes.cnpq.br/5557656124686682,2016,"Lipophosphoglycans from Leishmania amazonensis Strains Display Immunomodulatory Properties via TLR4 and Do Not Affect Sand Fly Infection","PLOS NEGLECTED TROPICAL DISEASES (ONLINE)",1935-2735,A1,,,2020
"Rodrigo Pedro Pinto Soares",http://lattes.cnpq.br/5557656124686682,2016,"Quinoline derivatives: Synthesis, leishmanicidal activity and involvement of mitochondrial oxidative stress as mechanism of action","CHEMICO-BIOLOGICAL INTERACTIONS (PRINT)",0009-2797,A2,,,2020
"Rodrigo Pedro Pinto Soares",http://lattes.cnpq.br/5557656124686682,2016,"Low frequency of LRV1 in Leishmania braziliensis strains isolated from typical and atypical lesions in the State of Minas Gerais, Brazil","MOLECULAR AND BIOCHEMICAL PARASITOLOGY (PRINT)",0166-6851,A4,,,2020
"Rodrigo Pedro Pinto Soares",http://lattes.cnpq.br/5557656124686682,2016,"Effectiveness of an immunohistochemical protocol for Leishmania detection in different clinical forms of American tegumentary leishmaniasis","PARASITOLOGY INTERNATIONAL",1383-5769,A3,,,2020
"Rodrigo Pedro Pinto Soares",http://lattes.cnpq.br/5557656124686682,2015,"Leishmania enriettii: biochemical characterisation of lipophosphoglycans (LPGs) and glycoinositolphospholipids (GIPLs) and infectivity to Cavia porcellus","PARASITES & VECTORS",1756-3305,A2,,,2020
"Rodrigo Pedro Pinto Soares",http://lattes.cnpq.br/5557656124686682,2015,"Differential modulation of macrophage response elicited by glycoinositolphospholipids and lipophosphoglycan from Leishmania (Viannia) shawi","PARASITOLOGY INTERNATIONAL (PRINT)",1383-5769,A3,,,2020
"Rodrigo Pedro Pinto Soares",http://lattes.cnpq.br/5557656124686682,2015,"One-year timeline kinetics of cytokine-mediated cellular immunity in dogs vaccinated against visceral leishmaniasis","BMC VETERINARY RESEARCH",1746-6148,A2,,,2020
"Rodrigo Pedro Pinto Soares",http://lattes.cnpq.br/5557656124686682,2015,"Synthesis and antitubercular evaluation of 7-chloro-4-alkoxyquinoline derivatives","MEDITERRANEAN JOURNAL OF CHEMISTRY",2028-3997,C,,,2020
"Rodrigo Pedro Pinto Soares",http://lattes.cnpq.br/5557656124686682,2015,"An Integrated Approach Using Spatial Analysis to Study the Risk Factors for Leishmaniasis in Area of Recent Transmission","BIOMED RES INT",2314-6133,A3,,,2020
"Rodrigo Pedro Pinto Soares",http://lattes.cnpq.br/5557656124686682,2015,"Genetic differences between two Leishmania major-like strains revealed by suppression subtractive hybridization","MOLECULAR AND BIOCHEMICAL PARASITOLOGY (PRINT)",0166-6851,A4,,,2020
"Rodrigo Pedro Pinto Soares",http://lattes.cnpq.br/5557656124686682,2015,"Vesicles from different                            strains trigger differential innate and chronic immune responses","JOURNAL OF EXTRACELLULAR VESICLES",2001-3078,A1,,,2020
"Rodrigo Pedro Pinto Soares",http://lattes.cnpq.br/5557656124686682,2015,"Extracellular Vesicles: Role in Inflammatory Responses and Potential Uses in Vaccination in Cancer and Infectious Diseases","JOURNAL OF IMMUNOLOGY RESEARCH",2314-8861,A3,,,2020
"Rodrigo Pedro Pinto Soares",http://lattes.cnpq.br/5557656124686682,2015,"Cross-reactivity of commercially available anti-human monoclonal antibodies with canine cytokines: establishment of a reliable panel to detect the functional profile of peripheral blood lymphocytes by intracytoplasmic staining","ACTA VETERINARIA SCANDINAVICA (ONLINE)",1751-0147,A2,,,2020
"Rodrigo Pedro Pinto Soares",http://lattes.cnpq.br/5557656124686682,2014,"Syntheses and Antimycobacterial Activities of [(2S,3R)-2-(Amino)-4- (Arenesulfonamido)-3-Hydroxy-1-Phenylbutane Derivatives","MEDICINAL CHEMISTRY (HILVERSUM)",1573-4064,B1,,,2020
"Rodrigo Pedro Pinto Soares",http://lattes.cnpq.br/5557656124686682,2014,"Quality perception in research laboratories from Fiocruz after QMS implementation","REVISTA DE ADMINISTRAÇÃO PÚBLICA (IMPRESSO)",0034-7612,A2,,,2020
"Rodrigo Pedro Pinto Soares",http://lattes.cnpq.br/5557656124686682,2014,"Understanding the Mechanisms Controlling Leishmania amazonensis Infection In Vitro: The Role of LTB4 Derived From Human Neutrophils","THE JOURNAL OF INFECTIOUS DISEASES",0022-1899,A1,,,2020
"Rodrigo Pedro Pinto Soares",http://lattes.cnpq.br/5557656124686682,2014,"Anti-Tuberculosis Evaluation and Conformational Study of                            -Acylhydrazones Containing the Thiophene Nucleus","ARCHIV DER PHARMAZIE (WEINHEIM)",0365-6233,A3,,,2020
"Rodrigo Pedro Pinto Soares",http://lattes.cnpq.br/5557656124686682,2014,"Structural comparison of lipophosphoglycan from Leishmania turanica and L. major, two species transmitted by Phlebotomus papatasi","PARASITOLOGY INTERNATIONAL (PRINT)",1383-5769,A3,,,2020
"Rodrigo Pedro Pinto Soares",http://lattes.cnpq.br/5557656124686682,2014,"Host Modulation by a Parasite: How Leishmania infantum Modifies the Intestinal Environment of Lutzomyia longipalpis to Favor Its Development","PLOS ONE",1932-6203,A1,,,2020
"Rodrigo Pedro Pinto Soares",http://lattes.cnpq.br/5557656124686682,2013,"An alternative in vitro drug screening test using Leishmania amazonensis transfected with red fluorescent protein","DIAGNOSTIC MICROBIOLOGY AND INFECTIOUS DISEASE",0732-8893,A4,,,2020
"Rodrigo Pedro Pinto Soares",http://lattes.cnpq.br/5557656124686682,2013,"Two biochemically distinct lipophosphoglycans from Leishmania braziliensis and Leishmania infantum trigger different innate immune responses in murine macrophages","PARASITES & VECTORS",1756-3305,A2,,,2020
"Rodrigo Pedro Pinto Soares",http://lattes.cnpq.br/5557656124686682,2013,"American Tegumentary Leishmaniasis: Effectiveness of an Immunohistochemical Protocol for the Detection of Leishmania in Skin","PLOS ONE",1932-6203,A1,,,2020
"Rodrigo Pedro Pinto Soares",http://lattes.cnpq.br/5557656124686682,2013,"Cytotoxicity and In Vitro Antileishmanial Activity of Antimony (V), Bismuth (V), and Tin (IV) Complexes of Lapachol","BIOINORGANIC CHEMISTRY AND APPLICATIONS",1565-3633,A2,,,2020
"Rodrigo Pedro Pinto Soares",http://lattes.cnpq.br/5557656124686682,2012,"Glycoconjugates in New World species of Leishmania: Polymorphisms in lipophosphoglycan and glycoinositolphospholipids and interaction with hosts","BIOCHIMICA ET BIOPHYSICA ACTA-GENERAL SUBJECTS",0304-4165,A1,,,2020
"Rodrigo Pedro Pinto Soares",http://lattes.cnpq.br/5557656124686682,2012,"Glycoinositolphospholipids from Leishmania braziliensis and L. infantum: Modulation of Innate Immune System and Variations in Carbohydrate Structure","PLOS NEGLECTED TROPICAL DISEASES",1935-2735,A1,,,2020
"Rodrigo Pedro Pinto Soares",http://lattes.cnpq.br/5557656124686682,2012,"Identification of the native N-terminus of the membrane attaching ferriheme protein nitrophorin 7 from Rhodnius prolixus","ANALYTICAL BIOCHEMISTRY (PRINT)",0003-2697,A2,,,2020
"Rodrigo Pedro Pinto Soares",http://lattes.cnpq.br/5557656124686682,2012,"Heme Oxygenase-1 Promotes the Persistence of Leishmania chagasi Infection","THE JOURNAL OF IMMUNOLOGY (1950)",0022-1767,A1,,,2020
"Rodrigo Pedro Pinto Soares",http://lattes.cnpq.br/5557656124686682,2012,"Intraspecies Variation in Trypanosoma cruzi GPI-Mucins: Biological Activities and Differential Expression of  -Galactosyl Residues","THE AMERICAN JOURNAL OF TROPICAL MEDICINE AND HYGIENE",0002-9637,A3,,,2020
"Rodrigo Pedro Pinto Soares",http://lattes.cnpq.br/5557656124686682,2012,"Molecular characterization of the hexose transporter gene in benznidazole resistant and susceptible populations of Trypanosoma cruzi","PARASITES & VECTORS",1756-3305,A2,,,2020
"Rodrigo Pedro Pinto Soares",http://lattes.cnpq.br/5557656124686682,2012,"Public Knowledge about and Detection of Canine Visceral Leishmaniasis in Urban Divinópolis, Brazil","JOURNAL OF TROPICAL MEDICINE",1687-9686,B1,,,2020
"Rodrigo Pedro Pinto Soares",http://lattes.cnpq.br/5557656124686682,2011,"Leishmania infantum: Lipophosphoglycan intraspecific variation and interaction with vertebrate and invertebrate hosts","INTERNATIONAL JOURNAL FOR PARASITOLOGY",0020-7519,A1,,,2020
"Rodrigo Pedro Pinto Soares",http://lattes.cnpq.br/5557656124686682,2011,"Human cutaneous leishmaniasis: interferon-dependent expression of double-stranded RNA-dependent protein kinase (PKR) via TLR2","THE FASEB JOURNAL",0892-6638,A1,,,2020
"Rodrigo Pedro Pinto Soares",http://lattes.cnpq.br/5557656124686682,2011,"Synthesis, cytotoxicity, and in vitro antileishmanial activity of mono-t-butyloxycarbonyl-protected diamines","DIAGNOSTIC MICROBIOLOGY AND INFECTIOUS DISEASE",0732-8893,A4,,,2020
"Rodrigo Pedro Pinto Soares",http://lattes.cnpq.br/5557656124686682,2010,"Differential Midgut Attachment of Leishmania (Viannia) braziliensis in the Sand Flies Lutzomyia (Nyssomyia) whitmani and Lutzomyia (Nyssomyia) intermedia","JOURNAL OF BIOMEDICINE AND BIOTECHNOLOGY (PRINT)",1110-7243,N,,,
"Rodrigo Pedro Pinto Soares",http://lattes.cnpq.br/5557656124686682,2010,"Phlebotomine Sand Flies (Diptera: Psychodidae) and Infection in Gafanhoto Park, Divinópolis, Brazil","JOURNAL OF MEDICAL ENTOMOLOGY",0022-2585,A1,,,2020
"Rodrigo Pedro Pinto Soares",http://lattes.cnpq.br/5557656124686682,2010,"Evaluation of 4 polymerase chain reaction protocols for cultured Leishmania spp. typing","DIAGNOSTIC MICROBIOLOGY AND INFECTIOUS DISEASE",0732-8893,A4,,,2020
"Rodrigo Pedro Pinto Soares",http://lattes.cnpq.br/5557656124686682,2009,"Leishmania amazonensis promastigotes induce and are killed by neutrophil extracellular traps","PROCEEDINGS OF THE NATIONAL ACADEMY OF SCIENCES OF THE UNITED STATES OF AMERICA",0027-8424,A1,,,2020
"Rodrigo Pedro Pinto Soares",http://lattes.cnpq.br/5557656124686682,2008,"Synthesis and antimalarial activity of semicarbazone and thiosemicarbazone derivatives","EUROPEAN JOURNAL OF MEDICINAL CHEMISTRY",0223-5234,A1,,,2020
"Rodrigo Pedro Pinto Soares",http://lattes.cnpq.br/5557656124686682,2006,"Evaluation of antimalarial and fluoroquinolone combinations against Plasmodium falciparum in vitro","INTERNATIONAL JOURNAL OF ANTIMICROBIAL AGENTS (PRINT)",0924-8579,A1,,,2020
"Rodrigo Pedro Pinto Soares",http://lattes.cnpq.br/5557656124686682,2006,"Antimalarial activity of 4-(5-trifluoromethyl-1H-pyrazol-1-yl)-chloroquine analogues","BIOORGANIC & MEDICINAL CHEMISTRY LETTERS (PRINT)",0960-894X,A2,,,2020
"Rodrigo Pedro Pinto Soares",http://lattes.cnpq.br/5557656124686682,2005,": a novel mechanism in the lipophosphoglycan regulation during metacyclogenesis","INTERNATIONAL JOURNAL FOR PARASITOLOGY",0020-7519,A1,,,2020
"Rodrigo Pedro Pinto Soares",http://lattes.cnpq.br/5557656124686682,2004,"Leishmania tropica: intraspecific polymorphisms in lipophosphoglycan correlate with transmission by different Phlebotomus species","EXPERIMENTAL PARASITOLOGY",0014-4894,A4,,,2020
"Rodrigo Pedro Pinto Soares",http://lattes.cnpq.br/5557656124686682,2004,"Reconstitution of GDP-mannose Transport Activity with Purified Leishmania LPG2 Protein in Liposomes","THE JOURNAL OF BIOLOGICAL CHEMISTRY (PRINT)",0021-9258,A1,,,2020
"Rodrigo Pedro Pinto Soares",http://lattes.cnpq.br/5557656124686682,2003,"Interpopulation Variability Among (Hemiptera: Reduviidae) from Brazil","JOURNAL OF MEDICAL ENTOMOLOGY",0022-2585,A1,,,2020
"Rodrigo Pedro Pinto Soares",http://lattes.cnpq.br/5557656124686682,2003,"Lutzomyia longipalpis (Diptera: Psychodidae: Phlebotominae): a review","ANAIS DA ACADEMIA BRASILEIRA DE CIÊNCIAS (IMPRESSO)",0001-3765,A2,,,2020
"Rodrigo Pedro Pinto Soares",http://lattes.cnpq.br/5557656124686682,2002,"Leishmania chagasi: lipophosphoglycan characterization and binding to the midgut of the sand fly vector Lutzomyia longipalpis","MOLECULAR AND BIOCHEMICAL PARASITOLOGY (PRINT)",0166-6851,A4,,,2020
"Rodrigo Pedro Pinto Soares",http://lattes.cnpq.br/5557656124686682,2001,"Genetic Studies of Psammolestes tertius (Hemiptera: Reduviidae: Triatominae) Using Male Genital Morphology, Morphometry, Isoenzymes, and Random Amplified Polymorphic DNA","BIOCHEMICAL GENETICS",0006-2928,A3,,,2020
"Rodrigo Pedro Pinto Soares",http://lattes.cnpq.br/5557656124686682,2001,"Experimental evidence for a demographic cline in Panstrongylus megistus populations","MEMÓRIAS DO INSTITUTO OSWALDO CRUZ (IMPRESSO)",0074-0276,A4,,,2020
"Rodrigo Pedro Pinto Soares",http://lattes.cnpq.br/5557656124686682,2000,"Identification of morphologically similar Rhodnius species (Hemiptera: Reduviidae: Triatominae) by electrophoresis of salivary heme proteins.","AMERICAN JOURNAL OF TROPICAL MEDICINE AND HYGIENE",0002-9637,A3,,,2020
"Rodrigo Pedro Pinto Soares",http://lattes.cnpq.br/5557656124686682,2000,"Population dynamics and feeding behavior of Triatoma brasiliensis and Triatoma pseudomaculata, main vectors of Chagas disease in Northeastern Brazil","MEMÓRIAS DO INSTITUTO OSWALDO CRUZ (IMPRESSO)",0074-0276,A4,,,2020
"Rodrigo Pedro Pinto Soares",http://lattes.cnpq.br/5557656124686682,2000,"alpha-glycerophosphate dehydrogenase activity in flight muscles of triatomine bugs Panstrongylus megistus and Triatoma sordida","MEMÓRIAS DO INSTITUTO OSWALDO CRUZ (IMPRESSO)",0074-0276,A4,,,2020
"Rodrigo Pedro Pinto Soares",http://lattes.cnpq.br/5557656124686682,1999,"Characterization of Rhodnius neglectus from Two Regions of Brazil Using Isoenzymes, Genitalia Morphology and Morphometry","MEMÓRIAS DO INSTITUTO OSWALDO CRUZ (IMPRESSO)",0074-0276,A4,,,2020
"Rodrigo Pedro Pinto Soares",http://lattes.cnpq.br/5557656124686682,1999,"Differences in saliva composition among three Brazilian populations of Panstrongylus megistus (Hemiptera, Reduviidae)","ACTA TROPICA",0001-706X,A2,,,2020
"Rodrigo Pedro Pinto Soares",http://lattes.cnpq.br/5557656124686682,1998,"Salivary heme proteins distinguish Rhodnius prolixus from Rhodnius robustus (Hemiptera: Reduviidae: Triatominae)","ACTA TROPICA",0001-706X,A2,,,2020